ID,age,gender
sub-OAS30892d0029,73.0,1
sub-OAS30587d4511,76.0,1
sub-OAS30918d0089,78.0,1
sub-OAS30500d0093,70.0,0
sub-OAS30430d0000,73.1718,1
sub-OAS30930d0900,77.0,0
sub-OAS30443d1480,71.0,0
sub-OAS30966d0189,70.0,0
sub-OAS30283d0797,76.0,1
sub-A00060252,78.0,1
sub-OAS30911d0099,73.0,0
sub-OAS30122d0136,73.0,0
sub-OAS30013d0102,71.0,0
sub-OAS30101d0919,77.0,1
sub-OAS31145d0483,75.0,1
sub-OAS30743d0645,74.0,0
sub-OAS30993d0059,70.0,0
sub-OAS30135d1000,73.0,1
sub-OAS30129d0000,71.479805,0
sub-OAS30781d0048,73.0,0
sub-OAS30921d2464,70.0,0
sub-IXI521,70.83641342,1
sub-OAS30343d2141,74.0,1
sub-IXI554,70.10540726,0
sub-OAS30262d0037,71.0,1
sub-OAS30280d1647,76.0,0
sub-OAS30418d0069,74.0,0
sub-OAS30858d1071,72.0,1
sub-OAS30007d1641,76.0,0
sub-OAS30022d1324,77.0,0
sub-OAS30599d0121,75.0,1
sub-OAS30818d1720,74.0,0
sub-OAS30125d0201,70.0,1
sub-IXI383,74.01232033,1
sub-OAS30333d2008,75.0,0
sub-OAS30318d3298,72.0,0
sub-IXI252,70.55989049,1
sub-OAS30750d3459,75.0,0
sub-OAS30109d1102,72.27379,1
sub-OAS30121d2392,75.0,1
sub-A00040257,70.0,1
sub-OAS30137d3907,70.0,1
sub-A00032010,76.0,1
sub-OAS30123d0000,73.75496,0
sub-OAS30357d0535,74.0,0
sub-OAS30695d0000,71.780975,0
sub-OAS30263d0000,70.770706,1
sub-OAS30743d0051,72.0,0
sub-OAS31132d3163,76.0,1
sub-A00025566,72.0,0
sub-OAS30731d0044,72.0,1
sub-A00040351,75.0,1
sub-OAS30813d0138,70.0,1
sub-OAS30328d0000,72.555786,0
sub-OAS31108d3637,73.9165,0
sub-66933,72.0,0
sub-OAS30184d0169,73.0,1
sub-OAS30123d0122,74.0,0
sub-OAS31076d0071,72.0,0
sub-OAS30449d2359,78.0,0
sub-0025422,71.0,0
sub-OAS30314d7814,77.0,1
sub-OAS30965d0434,74.0,0
sub-OAS30369d4058,75.0,1
sub-OAS30817d2221,73.01027,0
sub-OAS30135d0341,72.0,1
sub-OAS30135d2367,77.0,1
sub-OAS30438d2234,73.31143,1
sub-OAS30357d1195,76.0,0
sub-OAS30517d0000,73.921974,0
sub-OAS31019d1370,71.0,1
sub-OAS30768d0887,70.0,1
sub-OAS30737d0035,75.0,1
sub-OAS30007d2722,78.0,0
sub-OAS30421d2605,78.0,0
sub-OAS30867d0161,77.0,1
sub-OAS30469d0000,74.852844,1
sub-OAS30209d0609,75.0,0
sub-OAS30402d1085,70.0,1
sub-OAS30001d3132,73.0,1
sub-OAS31149d0061,75.0,1
sub-OAS30910d0964,73.05134,0
sub-OAS30048d3731,70.0,1
sub-A00066831,73.0,1
sub-OAS30022d1149,74.32443,0
sub-OAS31170d2410,71.0,1
sub-86203,78.0,1
sub-OAS30261d1892,71.0,1
sub-OAS30077d0729,73.957565,1
sub-OAS30617d0073,75.0,1
sub-OAS30977d0364,73.144424,1
sub-OAS31024d0204,79.0,0
sub-OAS30541d1935,78.0,0
sub-OAS30521d0118,70.0,1
sub-OAS31143d0000,79.61123,1
sub-OAS31143d0109,79.0,1
sub-OAS30567d0000,74.64203,1
sub-OAS30597d2961,72.61054,0
sub-OAS30326d0000,73.95209,1
sub-OAS30723d2568,76.0,0
sub-OAS30746d0000,75.047226,1
sub-OAS30777d4740,74.0,1
sub-A00039916,72.0,1
sub-OAS30589d1525,78.0,1
sub-OAS30852d3983,73.0,1
sub-OAS30117d2034,72.0,0
sub-OAS30155d0785,71.0,1
sub-OAS31145d0385,74.54894,1
sub-A00050977,71.0,1
sub-0025415,73.0,1
sub-OAS30624d2896,76.0,1
sub-OAS30762d1002,70.0,0
sub-A00073308,74.0,0
sub-OAS30777d2999,70.0,1
sub-OAS30966d1923,75.0,0
sub-OAS30566d0000,70.96783,0
sub-OAS30913d2007,72.0,0
sub-OAS30676d4132,72.0,1
sub-OAS30775d2395,76.0,1
sub-OAS30778d0407,74.33813,1
sub-OAS30449d0000,71.983574,0
sub-OAS30449d0000,71.983574,0
sub-0025364,72.0,0
sub-OAS30703d0000,72.51198,1
sub-OAS30872d3097,79.0,1
sub-A00063479,75.0,1
sub-OAS30775d0183,70.0,1
sub-OAS30376d0000,77.1937,1
sub-OAS30898d0946,78.0,1
sub-OAS30603d0811,72.0,0
sub-OAS31125d0049,71.0,1
sub-15846,70.0,1
sub-OAS30029d0131,72.0,0
sub-OAS31022d0089,79.0,1
sub-OAS30363d2575,71.047226,1
sub-OAS30212d0000,79.6386,1
sub-OAS30194d6605,78.0,0
sub-OAS30876d3364,72.0,1
sub-OAS30146d1042,71.0,1
sub-OAS30238d0037,76.0,0
sub-A00059663,71.0,1
sub-OAS30418d0803,76.0,0
sub-OAS31012d2449,74.0,1
sub-OAS30824d0000,73.73032,1
sub-OAS30001d2430,71.0,1
sub-OAS31105d1017,75.0,1
sub-OAS30801d0097,71.0,1
sub-OAS30991d0106,77.0,0
sub-IXI274,73.53867214,1
sub-OAS30074d0049,71.0,1
sub-OAS30898d0801,75.64408,1
sub-OAS31073d2443,72.0,0
sub-OAS30475d0000,72.8104,1
sub-OAS31037d4395,76.0,1
sub-0026015,74.0,1
sub-OAS30761d0099,76.0,0
sub-OAS30818d1228,73.0,0
sub-OAS30346d0083,72.0,1
sub-OAS31086d0065,76.0,1
sub-OAS30365d6199,75.0,1
sub-OAS30842d0526,75.0,1
sub-OAS30890d0784,70.042435,1
sub-OAS30019d0376,75.0,1
sub-OAS30562d3383,70.0,1
sub-OAS30097d0504,75.0,1
sub-OAS30853d0100,79.0,0
sub-OAS30084d1360,79.0,0
sub-OAS30739d0051,72.0,1
sub-OAS31051d0365,77.0,1
sub-OAS30554d0118,74.0,1
sub-A00073296,74.0,1
sub-OAS31138d0417,70.387405,1
sub-OAS30559d2422,74.0,0
sub-OAS30109d2310,78.0,1
sub-OAS30029d0893,74.0,0
sub-OAS30135d2931,79.0,1
sub-OAS30089d0001,78.0,0
sub-OAS30552d1011,75.0,0
sub-OAS30870d1926,77.0,1
sub-OAS31052d0093,78.0,1
sub-OAS30656d1531,70.17659,0
sub-OAS30891d0213,72.0,1
sub-OAS30728d0516,78.0,0
sub-OAS30050d1530,74.0,1
sub-OAS31032d0896,73.0,1
sub-OAS30770d1201,70.0,0
sub-OAS30251d2067,70.0,1
sub-OAS30880d1166,70.0,1
sub-OAS30643d2334,72.0,0
sub-OAS30731d0000,71.93429,1
sub-OAS30883d0000,78.28063,1
sub-IXI476,78.35728953,1
sub-OAS30718d5857,75.36482,1
sub-OAS30335d2770,73.0,1
sub-OAS30542d0489,73.0,0
sub-OAS30959d2692,76.0,1
sub-OAS30729d3628,73.0,0
sub-OAS30936d5756,73.0,1
sub-OAS31083d1981,79.0,1
sub-OAS30007d0061,71.0,0
sub-OAS30863d1607,70.0,1
sub-A00054482,71.0,1
sub-OAS30272d2456,72.0,1
sub-OAS30207d0000,72.210815,0
sub-OAS30942d0752,76.0,0
sub-OAS30982d1705,78.0,1
sub-OAS30996d4705,75.0,1
sub-OAS31089d0000,74.27789,1
sub-OAS30930d0414,76.0,0
sub-OAS30558d4493,76.0,1
sub-A00060306,76.0,0
sub-OAS30212d0091,79.0,1
sub-OAS31152d0092,70.0,0
sub-OAS30679d0091,72.0,0
sub-OAS30671d2486,74.0,0
sub-OAS30890d0859,72.0,1
sub-IXI115,72.13141684,0
sub-OAS30584d0000,73.883644,0
sub-OAS30949d1418,71.0,1
sub-OAS30839d1394,74.0,1
sub-OAS30025d2298,71.0,1
sub-OAS30867d0647,78.0,1
sub-OAS31113d0881,71.0,1
sub-OAS30729d4384,75.0,0
sub-OAS30485d0000,73.07597,1
sub-57196,77.0,1
sub-OAS30976d0065,70.0,1
sub-OAS30208d0436,76.0,1
sub-OAS30622d0802,77.0,0
sub-OAS30516d4192,78.0,1
sub-OAS31142d0889,70.0,0
sub-OAS30247d0168,75.0,1
sub-OAS30070d0070,72.0,0
sub-OAS30250d1233,70.0,0
sub-OAS30322d0173,70.0,0
sub-48830,79.0,1
sub-OAS30322d0645,71.0,0
sub-OAS30376d0082,77.0,1
sub-OAS30859d0154,70.0,0
sub-OAS30233d5295,70.0,1
sub-OAS30824d0077,73.0,1
sub-IXI646,71.20602327,1
sub-OAS30298d0292,79.0,1
sub-OAS30433d1954,71.0,0
sub-OAS31031d4072,71.0,1
sub-A00040324,70.0,0
sub-OAS30910d1028,75.0,0
sub-OAS30476d0090,71.0,1
sub-31272,74.0,0
sub-OAS31083d0091,74.0,1
sub-OAS30489d0012,70.0,0
sub-OAS30549d1244,79.0,0
sub-OAS30765d2798,74.0,1
sub-OAS30339d0066,73.0,0
sub-OAS30804d0507,77.0,0
sub-OAS30866d0640,79.0,1
sub-OAS31138d2040,75.0,1
sub-OAS30292d0165,72.0,1
sub-OAS31122d2180,73.0,1
sub-OAS30489d0000,70.351814,0
sub-OAS30560d1203,70.0,0
sub-OAS30671d1122,70.0,0
sub-OAS30830d1569,75.0,0
sub-OAS30135d0190,71.0,1
sub-OAS31126d1156,74.0,0
sub-OAS30066d2006,79.0,1
sub-OAS30686d0030,70.0,0
sub-OAS31111d3618,78.0,0
sub-OAS30132d1392,71.0,0
sub-OAS30866d0033,78.0,1
sub-OAS30299d0119,75.0,1
sub-OAS30744d0063,72.0,0
sub-OAS30307d0032,77.0,0
sub-OAS30527d0006,74.0,1
sub-OAS30910d0090,73.0,0
sub-OAS30491d0000,77.94114,1
sub-OAS30336d1104,74.30527,0
sub-OAS31132d4297,79.0,1
sub-0026136,71.0,1
sub-OAS30778d0510,75.0,1
sub-OAS30072d1379,77.0,0
sub-OAS30864d0371,74.05886,0
sub-OAS30745d2863,77.0,1
sub-OAS30392d1682,77.0,1
sub-OAS30878d0105,75.0,0
sub-OAS31055d0074,74.0,0
sub-OAS30180d0051,78.0,1
sub-OAS30283d0064,74.0,1
sub-OAS30321d1988,71.0,1
sub-OAS30823d2722,77.0,0
sub-OAS30899d1616,79.0,0
sub-OAS30505d4103,79.0,0
sub-OAS30149d0051,76.0,0
sub-OAS30254d0057,75.0,1
sub-0026152,70.0,1
sub-OAS30966d1267,73.0,0
sub-OAS31006d1106,71.0,0
sub-OAS30727d1208,70.0,0
sub-OAS30780d1044,77.0,1
sub-A00065302,70.0,1
sub-OAS30928d0884,74.0,0
sub-OAS30603d2253,76.0,0
sub-OAS30193d1611,78.0,0
sub-OAS30723d1179,72.0,0
sub-39923,70.0,0
sub-OAS30967d0988,71.0,1
sub-OAS30869d2290,73.0,1
sub-22674,70.0,0
sub-OAS30263d2483,77.0,1
sub-OAS30279d0136,73.0,1
sub-0026176,71.0,0
sub-OAS30109d2320,78.0,1
sub-0025366,74.0,1
sub-OAS30342d0001,79.0,0
sub-OAS31049d1066,73.0,1
sub-OAS30205d0000,78.078026,1
sub-OAS30117d4155,78.0,0
sub-OAS31142d2109,73.0,0
sub-OAS30541d0823,75.0,0
sub-OAS31128d0673,73.0,1
sub-OAS30615d2022,73.0,0
sub-OAS30382d1199,75.0,0
sub-OAS30077d0944,76.0,1
sub-OAS30728d0426,77.12252,0
sub-OAS30137d4525,72.0,1
sub-OAS30085d1566,70.0,0
sub-OAS30823d0055,70.0,0
sub-OAS30936d6301,74.0,1
sub-OAS30517d0072,74.0,0
sub-OAS30769d1554,72.0,0
sub-OAS30652d1366,78.0,0
sub-OAS30157d2674,73.0,1
sub-OAS30750d2309,72.0,0
sub-02503,70.0,0
sub-OAS31013d0039,79.0,1
sub-IXI028,74.02600958,0
sub-IXI399,73.54414784,1
sub-0025372,70.0,0
sub-OAS30635d0544,70.0,1
sub-OAS30392d0730,74.0,1
sub-OAS30872d0179,71.0,1
sub-OAS30751d0063,70.0,0
sub-IXI448,79.41409993,0
sub-OAS30218d0092,77.0,0
sub-OAS30716d0037,72.0,1
sub-OAS30073d3670,71.0,0
sub-OAS30167d0111,72.0,0
sub-OAS30657d0000,72.72279,1
sub-OAS30823d2277,76.0,0
sub-OAS30407d1267,79.0,1
sub-OAS30584d0096,74.0,0
sub-OAS30018d0070,71.0,0
sub-OAS30917d0053,70.0,0
sub-IXI158,75.63312799,1
sub-OAS30255d0019,77.0,1
sub-OAS30331d2229,73.0,0
sub-OAS30574d0797,72.11499,1
sub-OAS30050d0110,70.0,1
sub-OAS30674d1782,70.0,1
sub-OAS30487d1338,75.0,1
sub-OAS30363d0880,73.0,1
sub-OAS30938d1242,72.0,0
sub-OAS30537d1848,70.0,1
sub-OAS31089d0023,74.0,1
sub-OAS30724d2228,74.0,0
sub-OAS30193d0000,74.428474,0
sub-OAS30545d0028,72.0,0
sub-OAS30306d0000,72.35318,0
sub-OAS30132d2288,73.0,0
sub-26099,73.0,0
sub-OAS31068d3484,73.0,1
sub-OAS30959d1301,73.0,1
sub-43409,71.0,0
sub-OAS31025d2560,72.0,1
sub-OAS30225d0482,79.0,1
sub-OAS30066d0524,75.0,1
sub-OAS30580d1531,71.0,0
sub-OAS30546d0526,74.075294,1
sub-OAS30703d0076,72.0,1
sub-A00044068,79.0,1
sub-0025424,72.0,0
sub-OAS30943d0295,70.0,0
sub-IXI518,75.8275154,1
sub-OAS30746d0035,75.0,1
sub-OAS30959d0714,71.0,1
sub-90127,77.0,0
sub-OAS30381d1158,73.0,0
sub-OAS30357d0335,73.448326,0
sub-OAS30605d0716,76.22176,0
sub-OAS30406d0000,75.69336,0
sub-OAS31026d0043,79.0,1
sub-OAS31025d3510,75.0,1
sub-A00052214,75.0,1
sub-OAS30529d0000,70.78987,1
sub-OAS30652d0778,76.0,0
sub-OAS30171d0139,74.0,0
sub-OAS30065d2009,75.0,0
sub-OAS30374d0084,76.0,1
sub-OAS30027d0433,70.0,0
sub-OAS31031d3596,70.0,1
sub-OAS30788d1136,78.0,1
sub-OAS30410d0034,74.0,1
sub-OAS30101d0101,74.0,1
sub-A00058318,72.0,1
sub-OAS30011d0055,78.0,1
sub-OAS30480d0161,74.0,1
sub-OAS31002d3832,79.0,0
sub-OAS30819d0077,72.0,1
sub-OAS30817d1254,76.0,0
sub-OAS30479d1204,79.52909,0
sub-OAS30197d0115,77.0,1
sub-OAS30392d0741,72.43532,1
sub-OAS30500d1297,74.0,0
sub-OAS30682d0465,78.0,1
sub-OAS30124d0046,79.0,1
sub-OAS30658d0000,70.57358,1
sub-OAS30561d0106,70.0,1
sub-A00053625,72.0,1
sub-IXI458,70.71047228,0
sub-IXI288,78.58453114,1
sub-A00063470,75.0,0
sub-OAS30329d0376,77.0,0
sub-OAS30475d0062,72.0,1
sub-OAS31133d0000,70.8857,0
sub-OAS31133d0000,70.8857,0
sub-OAS30841d0348,79.0,0
sub-OAS31014d3555,75.0,1
sub-OAS31028d1285,70.0,1
sub-OAS30246d0119,73.0,1
sub-OAS30778d1273,77.0,1
sub-A00038519,78.0,1
sub-OAS30468d0000,74.59548,1
sub-OAS30163d0000,70.12183,1
sub-0025370,71.0,0
sub-OAS30921d2468,70.0,0
sub-OAS30183d0000,70.58727,1
sub-OAS30346d1685,76.0,1
sub-OAS30136d0063,75.0,1
sub-OAS30822d2022,72.0,1
sub-OAS31092d0203,72.0,0
sub-OAS31138d0487,71.0,1
sub-OAS30128d0044,79.0,0
sub-OAS30828d1736,71.0,1
sub-OAS31163d0036,73.0,0
sub-A00029075,71.0,0
sub-0026157,75.0,1
sub-OAS30440d0163,77.0,1
sub-OAS30430d0909,75.0,1
sub-OAS30468d0069,74.0,1
sub-OAS30122d0000,73.36345,0
sub-OAS30942d0111,74.0,0
sub-OAS30574d0918,74.0,1
sub-OAS30688d2394,73.0,1
sub-OAS30532d0047,75.0,1
sub-OAS30364d0110,71.0,0
sub-OAS30254d0000,75.123886,1
sub-50162,73.0,0
sub-OAS30058d1316,70.0,1
sub-OAS30593d4025,76.0,0
sub-OAS30915d0085,74.0,0
sub-OAS30589d0096,74.0,1
sub-IXI482,72.09034908,1
sub-OAS30739d0000,72.79124,1
sub-OAS30407d0000,75.68241,1
sub-OAS31142d1267,71.0,0
sub-OAS30827d1875,77.0,0
sub-OAS30775d0329,70.0,1
sub-OAS30438d0064,73.0,1
sub-OAS30780d0000,75.10198,1
sub-68850,70.0,0
sub-0026153,73.0,0
sub-0025365,73.0,1
sub-OAS30733d4997,75.0,1
sub-OAS30794d5548,75.0,0
sub-OAS30991d0000,77.04586,0
sub-OAS30106d4675,73.0,1
sub-A00039783,74.0,0
sub-OAS30247d2618,74.95414,1
sub-OAS30713d2190,70.62286,0
sub-OAS30988d0033,71.0,0
sub-OAS30745d2651,76.0,1
sub-OAS30898d0358,76.0,1
sub-OAS31132d2580,75.0,1
sub-OAS30443d2432,74.0,0
sub-OAS30649d0098,71.0,0
sub-OAS30146d2309,74.0,1
sub-A00039923,72.0,1
sub-OAS30107d2765,74.0,1
sub-IXI498,76.78028747,1
sub-OAS30428d0133,76.0,1
sub-OAS30983d0265,79.0,1
sub-OAS30327d0000,72.481865,0
sub-OAS30899d0072,74.0,0
sub-OAS30614d2662,73.50308,1
sub-OAS30299d0000,74.98426,1
sub-OAS31014d2235,71.0,1
sub-OAS30326d0189,74.0,1
sub-OAS30087d0260,79.0,0
sub-OAS30899d0070,74.0,0
sub-OAS30556d0035,70.0,1
sub-0026130,79.0,0
sub-0025403,72.0,0
sub-IXI463,70.14373717,1
sub-OAS30109d0432,73.0,1
sub-OAS30232d2324,72.0,1
sub-OAS30870d2947,72.11499,1
sub-OAS30854d2339,71.0,0
sub-OAS30018d0893,73.0,0
sub-A00054621,70.0,1
sub-OAS30982d0063,74.0,1
sub-OAS30993d0920,72.0,0
sub-OAS30749d1996,78.0,0
sub-OAS30369d4921,77.0,1
sub-OAS30175d1091,75.0,1
sub-OAS31149d0000,75.512665,1
sub-OAS30851d0000,73.0,0
sub-OAS30598d0000,79.37577,0
sub-OAS30178d3500,72.0,1
sub-OAS30405d0079,70.0,1
sub-IXI250,72.8843258,1
sub-OAS30558d3408,73.0,1
sub-OAS30167d1191,72.08488,0
sub-OAS30129d0055,71.0,0
sub-OAS30314d6827,75.0,1
sub-OAS30449d0000,71.0,0
sub-OAS30449d0000,71.0,0
sub-0025426,77.0,0
sub-A00028845,76.0,0
sub-IXI551,70.50239562,1
sub-IXI384,74.01232033,1
sub-OAS30652d1230,74.59548,0
sub-IXI447,72.82683094,1
sub-0026131,73.0,1
sub-OAS30039d0000,73.221085,1
sub-OAS30724d3115,77.0,0
sub-96591,73.0,0
sub-OAS30710d2323,71.0,1
sub-28697,73.0,1
sub-OAS30858d2100,75.0,1
sub-OAS30945d0155,74.0,1
sub-OAS30263d0970,73.0,1
sub-0025414,79.0,0
sub-OAS31032d0000,70.590004,1
sub-OAS30140d0172,71.0,1
sub-A00040248,77.0,1
sub-OAS30827d0043,72.0,0
sub-OAS30335d1482,70.0,1
sub-OAS30546d0530,75.0,1
sub-OAS30731d1148,75.0,1
sub-OAS30967d0854,71.0,1
sub-IXI456,70.2477755,1
sub-OAS30964d3870,76.0,1
sub-OAS30879d3497,74.0,1
sub-OAS30398d0051,74.0,0
sub-OAS30214d4464,79.0,0
sub-OAS30351d0037,73.0,1
sub-OAS30810d1351,74.0,0
sub-OAS30415d0784,75.0,0
sub-OAS30656d1638,74.0,0
sub-A00061274,76.0,0
sub-OAS30591d0914,77.0,1
sub-OAS30179d0061,78.0,1
sub-OAS30625d1154,71.0,0
sub-IXI605,70.33264887,1
sub-OAS30306d0028,72.0,0
sub-OAS30601d2372,74.0,0
sub-OAS31049d0575,72.0,1
sub-OAS30244d1526,77.0,1
sub-OAS30333d0093,70.0,0
sub-OAS30101d1088,74.56537,1
sub-OAS30449d0620,73.0,0
sub-OAS30246d2354,79.0,1
sub-OAS31071d0000,73.90281,0
sub-OAS30206d0306,79.0,0
sub-OAS30076d0534,73.0,1
sub-OAS30109d0997,75.0,1
sub-IXI539,78.07255305,0
sub-OAS30476d0482,72.0,1
sub-OAS30049d1633,77.0,0
sub-OAS30476d0000,71.40041,1
sub-OAS30723d2278,75.0,0
sub-OAS31126d1071,71.34566,0
sub-OAS30597d1871,77.0,0
sub-OAS30534d3728,76.0,0
sub-OAS30689d1834,76.94182,1
sub-OAS30078d0210,72.0,1
sub-A00033021,74.0,1
sub-OAS30280d0667,73.0,0
sub-OAS30088d0093,76.0,0
sub-OAS30538d0105,71.0,1
sub-OAS30014d1077,70.34634,1
sub-OAS30490d0574,76.0,0
sub-OAS30119d2415,72.0,0
sub-OAS30525d1421,77.2731,1
sub-OAS30363d0087,71.0,1
sub-OAS30881d3163,73.0,1
sub-OAS30839d1267,70.98152,1
sub-A00051796,78.0,0
sub-OAS30414d0030,73.0,0
sub-OAS30872d0000,70.63929,1
sub-OAS30872d1285,74.0,1
sub-OAS31155d6242,76.0,0
sub-OAS30150d0100,70.0,1
sub-OAS30480d0711,76.0,1
sub-OAS30314d6379,74.0,1
sub-OAS30336d0012,74.0,0
sub-OAS31125d0735,73.0,1
sub-OAS30084d0470,77.0,0
sub-OAS30490d1162,78.0,0
sub-OAS30533d0087,77.0,1
sub-OAS30540d0084,70.0,0
sub-A00038805,70.0,1
sub-OAS30027d2394,75.0,0
sub-OAS30713d1692,75.0,0
sub-IXI376,72.59411362,1
sub-OAS30700d3079,79.54278,1
sub-OAS30119d3722,76.0,0
sub-OAS30332d0091,78.0,0
sub-OAS31092d1211,75.0,0
sub-OAS30348d0077,71.0,0
sub-OAS30977d0404,74.0,1
sub-A00037818,74.0,0
sub-OAS30541d0058,73.0,0
sub-OAS30048d4459,72.0,1
sub-OAS30363d2626,78.0,1
sub-OAS31067d0037,79.0,1
sub-OAS30194d5837,76.0,0
sub-OAS30750d2350,72.0,0
sub-OAS30662d1455,78.80082,1
sub-OAS30540d0000,70.17385,0
sub-OAS30789d1604,74.0,0
sub-0026171,73.0,1
sub-OAS30028d1847,73.0,0
sub-OAS31060d0083,77.0,0
sub-OAS30205d0061,78.0,1
sub-IXI327,73.5633128,0
sub-OAS30770d2131,73.0,0
sub-OAS30164d2416,73.0,0
sub-A00058998,71.0,1
sub-OAS30703d0588,74.0,1
sub-OAS30133d0505,78.0,0
sub-OAS31071d0068,74.0,0
sub-OAS30999d0153,76.0,1
sub-OAS30121d0768,71.0,1
sub-OAS30160d0099,71.0,1
sub-IXI415,72.32580424,1
sub-OAS31128d1405,75.0,1
sub-0025417,73.0,0
sub-OAS30823d1309,73.0,0
sub-OAS30680d5934,72.06297,0
sub-OAS30534d2374,72.0,0
sub-OAS30068d0076,72.0,0
sub-OAS30713d2308,76.0,0
sub-0025402,76.0,0
sub-OAS30872d3057,79.0,1
sub-OAS30669d2733,78.0,0
sub-OAS30434d0054,76.0,1
sub-OAS30903d0000,79.13757,0
sub-0025384,75.0,1
sub-OAS30776d2471,75.0,0
sub-OAS30743d0372,72.45448,0
sub-OAS30948d0076,78.0,1
sub-IXI377,72.59411362,1
sub-OAS30446d6989,75.0,0
sub-OAS30386d0000,74.778915,0
sub-OAS30073d4456,73.0,0
sub-A00064061,74.0,1
sub-OAS30378d0000,72.68994,0
sub-OAS30388d0073,76.0,1
sub-OAS30485d0084,73.0,1
sub-OAS30477d0069,78.0,0
sub-A00033735,70.0,1
sub-OAS30063d0160,70.0,1
sub-A00040152,76.0,0
sub-OAS30818d1189,70.00958,0
sub-OAS30074d1871,76.0,1
sub-A00040382,79.0,0
sub-OAS30473d0385,70.0,0
sub-OAS30014d1176,73.0,1
sub-OAS30197d0000,76.81314,1
sub-OAS31154d0034,76.0,0
sub-0025386,79.0,1
sub-OAS30966d0903,72.0,0
sub-OAS30606d0360,70.0,1
sub-OAS30305d0245,71.0,0
sub-OAS30926d0092,78.0,0
sub-OAS30574d1917,77.0,1
sub-OAS30524d0198,70.0,1
sub-OAS30671d3613,77.0,0
sub-OAS30978d0425,70.0,0
sub-OAS30387d1832,79.0,0
sub-OAS30064d0687,78.0,0
sub-OAS30881d2593,72.0,1
sub-0026181,71.0,1
sub-OAS30847d0040,77.0,1
sub-OAS30065d0391,70.16564,0
sub-OAS30382d0051,72.0,0
sub-0026184,70.0,1
sub-OAS30818d2089,75.0,0
sub-OAS30263d2477,77.0,1
sub-OAS30209d1976,78.0,0
sub-OAS30804d0086,76.0,0
sub-OAS30423d0000,79.15401,1
sub-OAS31000d0072,78.0,0
sub-A00060301,75.0,0
sub-OAS30361d1457,78.0,1
sub-OAS31172d1565,70.90212,1
sub-OAS30094d0679,71.0,1
sub-OAS30185d3787,74.0,1
sub-0025381,70.0,1
sub-70942,70.0,0
sub-OAS30500d1106,70.55441,0
sub-OAS30775d2381,76.0,1
sub-OAS30320d1740,73.0,0
sub-OAS30601d1146,70.0,0
sub-OAS30731d2254,78.0,1
sub-OAS30864d0603,75.0,0
sub-OAS31050d0109,76.0,1
sub-OAS30014d0196,70.0,1
sub-OAS30985d0000,74.9295,1
sub-OAS30422d0104,76.0,0
sub-OAS30305d0000,71.17043,0
sub-OAS30823d0849,72.0,0
sub-OAS30407d0061,75.0,1
sub-OAS30893d0053,77.0,0
sub-OAS30280d0085,72.0,0
sub-OAS30791d1422,78.0,0
sub-OAS30246d0473,73.1937,1
sub-OAS30852d3014,71.0,1
sub-0026007,75.0,1
sub-OAS30780d0055,75.0,1
sub-OAS30490d0263,74.83915,0
sub-OAS30049d0013,73.0,0
sub-IXI490,70.14099932,1
sub-OAS30799d0557,73.0,1
sub-OAS30267d0043,74.0,1
sub-OAS30002d2345,73.0,0
sub-OAS30151d0064,72.0,1
sub-IXI237,78.20396988,1
sub-OAS30841d0187,78.0,0
sub-IXI172,74.98973306,0
sub-0026143,77.0,1
sub-OAS30785d0000,79.164955,0
sub-OAS30552d0139,73.0,0
sub-OAS30234d0991,79.64134,1
sub-OAS30596d1759,77.0,1
sub-OAS31114d2658,71.0,0
sub-OAS30416d0044,79.0,1
sub-A00066130,75.0,1
sub-OAS30406d0084,75.0,0
sub-OAS31013d0067,79.0,1
sub-OAS30773d0044,70.0,1
sub-A00034093,75.0,0
sub-0025416,74.0,0
sub-OAS30529d0099,71.0,1
sub-OAS30333d0000,70.119095,0
sub-OAS30934d2150,75.0,0
sub-OAS30676d3567,71.0,1
sub-OAS30349d3204,73.66735,0
sub-OAS31132d3392,77.0,1
sub-OAS30369d2819,72.0,1
sub-OAS30040d2899,75.0,1
sub-OAS30455d4209,71.0,1
sub-OAS30755d1540,71.0,1
sub-OAS30921d3232,72.0,0
sub-OAS30743d2309,78.0,0
sub-OAS30490d0412,75.0,0
sub-OAS30934d0520,70.0,0
sub-OAS30314d7000,75.0,1
sub-OAS30040d4230,79.0,1
sub-OAS30270d0070,70.0,1
sub-OAS30039d0103,73.0,1
sub-OAS30184d0876,75.0,1
sub-OAS31001d3394,72.0,1
sub-IXI491,75.97262149,1
sub-A00051455,77.0,1
sub-A00028625,73.0,0
sub-OAS30848d0070,77.0,0
sub-OAS30006d3386,71.0,0
sub-IXI416,72.14510609,1
sub-OAS30361d3183,74.735115,1
sub-OAS30414d0037,73.0,0
sub-OAS30784d0126,79.0,0
sub-A00066820,75.0,1
sub-OAS30957d0030,73.0,0
sub-OAS30664d3557,75.0,1
sub-OAS30473d1163,72.0,0
sub-OAS30349d0699,75.0,0
sub-OAS30793d1343,73.0,1
sub-OAS30277d0198,72.0,1
sub-OAS30287d0890,74.0,0
sub-OAS30247d0844,77.0,1
sub-OAS30702d0084,72.0,1
sub-OAS30713d0095,70.0,0
sub-OAS30491d0074,78.0,1
sub-OAS30755d2318,73.0,1
sub-IXI419,73.18275154,1
sub-OAS30318d2975,71.0,0
sub-OAS30097d2370,74.29706,1
sub-OAS30966d3381,79.0,0
sub-50859,79.0,1
sub-A00040182,71.0,1
sub-OAS30818d1214,73.0,0
sub-OAS30478d3566,78.0,0
sub-OAS31159d0780,73.182755,1
sub-A00039490,71.0,1
sub-0026185,70.0,0
sub-OAS30146d3322,77.0,1
sub-OAS30506d1039,79.0,0
sub-OAS31111d1108,71.0,0
sub-OAS30061d0035,77.0,0
sub-OAS30982d1574,74.157425,1
sub-OAS30378d0204,73.0,0
sub-OAS30547d0459,76.0,1
sub-OAS30733d3393,70.0,1
sub-OAS31022d0000,79.01711,1
sub-OAS30884d2189,73.60165,0
sub-OAS30806d0000,79.93429,0
sub-48210,73.0,0
sub-OAS30794d4550,72.0,0
sub-OAS30315d0124,77.0,0
sub-OAS30566d0067,71.0,0
sub-OAS30336d1264,77.0,0
sub-A00058644,71.0,1
sub-A00060184,70.0,0
sub-OAS30159d0000,78.49418,0
sub-A00044410,71.0,1
sub-OAS30016d0021,77.0,0
sub-OAS30145d3506,78.0,0
sub-OAS30160d2392,77.0,1
sub-OAS30658d0237,71.0,1
sub-A00054929,73.0,1
sub-OAS30380d3446,70.0,1
sub-OAS31044d0827,78.0,0
sub-OAS31159d1019,75.0,1
sub-OAS30559d1236,71.0,0
sub-OAS30178d2794,70.0,1
sub-OAS30931d0489,78.0,0
sub-OAS30396d0037,70.0,0
sub-OAS30365d5600,73.0,1
sub-0025413,71.0,1
sub-OAS30785d0096,79.0,0
sub-OAS30547d0404,75.436005,1
sub-OAS31105d0000,72.98289,1
sub-OAS30469d0112,75.0,1
sub-OAS30033d0133,79.0,1
sub-OAS30343d2820,76.0,1
sub-OAS30516d1800,72.0,1
sub-OAS30692d2407,78.0,0
sub-OAS30651d1833,71.0,1
sub-OAS30193d0043,74.0,0
sub-OAS30240d3483,72.0,1
sub-OAS30163d0091,70.0,1
sub-OAS30532d0000,75.704315,1
sub-IXI216,73.01574264,0
sub-OAS30849d0151,78.0,0
sub-OAS31030d0031,78.0,0
sub-OAS30328d0470,73.0,0
sub-OAS30408d1193,79.0,0
sub-72095,71.0,1
sub-OAS30769d2231,74.0,0
sub-OAS30515d0044,76.0,0
sub-OAS30487d0064,72.0,1
sub-OAS31084d2319,72.0,1
sub-OAS30149d1164,76.84326,0
sub-OAS30598d0069,79.0,0
sub-OAS30516d2706,74.0,1
sub-OAS30076d1735,76.0,1
sub-OAS30819d0572,73.0,1
sub-OAS30134d0080,70.0,0
sub-0026129,71.0,1
sub-OAS30685d1552,72.0,1
sub-OAS30637d0079,73.0,0
sub-OAS30159d0110,78.0,0
sub-OAS30902d0015,71.0,0
sub-IXI430,72.0054757,1
sub-OAS30835d1864,77.0,1
sub-OAS30386d0055,74.0,0
sub-OAS30358d0367,73.0,1
sub-OAS31043d1731,72.0,0
sub-OAS30744d1079,72.56947,0
sub-OAS30825d4885,77.0,0
sub-A00040629,76.0,1
sub-OAS30978d1207,72.0,0
sub-OAS30965d0791,75.0,0
sub-OAS30749d1157,76.0,0
sub-OAS30784d2649,79.54278,0
sub-0026179,72.0,0
sub-OAS31076d0000,72.47639,0
sub-OAS31133d0000,70.0,0
sub-OAS31133d0000,70.0,0
sub-OAS31124d0436,72.0,1
sub-IXI175,72.26557153,0
sub-OAS30583d0085,70.0,0
sub-OAS30596d2477,79.0,1
sub-OAS30624d1643,73.0,1
sub-OAS30825d5535,79.0,0
sub-OAS30749d0046,73.0,0
sub-OAS30306d0473,73.0,0
sub-OAS30160d0751,72.0,1
sub-OAS31056d1912,72.0,0
sub-OAS30272d3087,74.0,1
sub-IXI433,73.90006845,1
sub-OAS30074d2812,79.0,1
sub-IXI462,75.07734428,1
sub-OAS30932d4007,73.0,1
sub-OAS30742d4551,70.0,0
sub-OAS31114d2644,71.0,0
sub-IXI497,72.30663929,0
sub-OAS30088d0000,75.96715,0
sub-OAS30207d0346,73.0,0
sub-OAS30788d1104,74.97878,1
sub-OAS30487d1113,72.19165,1
sub-OAS30457d0102,74.0,0
sub-OAS30226d0183,79.0,0
sub-OAS30430d0055,73.0,1
sub-A00039639,71.0,0
sub-OAS30769d1547,72.0,0
sub-OAS30385d0112,73.0,1
sub-OAS30387d0379,74.05886,0
sub-OAS30817d2324,79.0,0
sub-IXI204,74.63655031,1
sub-A00039700,77.0,1
sub-OAS30917d0000,70.0835,0
sub-OAS30985d0084,75.0,1
sub-OAS30262d0839,74.0,1
sub-OAS30744d1429,76.0,0
sub-OAS30094d0140,70.0,1
sub-OAS30007d1636,76.0,0
sub-OAS30423d0067,79.0,1
sub-OAS30346d0000,72.15058,1
sub-OAS30414d1175,76.0,0
sub-OAS30183d0082,70.0,1
sub-OAS30422d0005,76.16975,0
sub-OAS30250d1722,71.0,0
sub-OAS30657d0072,72.0,1
sub-A00039083,79.0,1
sub-OAS30835d0709,74.0,1
sub-OAS30263d0129,71.0,1
sub-OAS30605d0063,76.0,0
sub-OAS30565d2911,72.6653,0
sub-OAS30964d1587,70.0,1
sub-OAS30173d3030,76.0,1
sub-OAS30883d0282,79.0,1
sub-OAS30343d4178,79.0,1
sub-OAS30385d0000,73.264885,1
sub-OAS30863d4148,77.0,1
sub-OAS30438d2358,79.0,1
sub-0025368,72.0,0
sub-OAS30071d0055,72.0,0
sub-IXI409,70.95140315,1
sub-0026134,72.0,1
sub-OAS30818d0097,70.0,0
sub-A00039845,72.0,1
sub-OAS30173d3841,78.0,1
sub-OAS31047d1165,70.0,1
sub-OAS31011d0089,72.0,0
sub-OAS30503d0002,72.42984,0
sub-OAS30218d0841,79.0,0
sub-OAS31037d3770,75.0,1
sub-OAS30670d0083,71.0,0
sub-OAS30487d2165,78.0,1
sub-OAS30033d0000,79.38398,1
sub-OAS31042d3618,79.0,0
sub-A00061725,74.0,1
sub-OAS30335d2783,74.0,1
sub-OAS30810d0106,71.0,0
sub-OAS30775d0999,72.0,1
sub-OAS30028d1260,71.0,0
sub-09035,70.0,0
sub-OAS30280d0000,72.134155,0
sub-OAS30720d4213,72.0,0
sub-OAS30414d0000,73.144424,0
sub-OAS30964d2772,73.0,1
sub-OAS30002d2340,73.0,0
sub-OAS30405d1889,70.56263,1
sub-OAS31168d2526,72.0,0
sub-0025363,71.0,1
sub-OAS30972d2270,71.0,0
sub-A00073705,78.0,1
sub-OAS30781d0971,75.0,0
sub-OAS31045d1257,70.0,1
sub-OAS30229d0101,72.0,0
sub-OAS30830d0030,71.0,0
sub-73168,78.0,0
sub-OAS30377d0048,74.0,1
sub-OAS30248d1191,71.0,0
sub-OAS30979d0435,70.0,0
sub-OAS31159d0074,73.0,1
sub-OAS30672d0107,77.0,0
sub-OAS30135d2357,77.0,1
sub-OAS30185d4551,76.0,1
sub-OAS30414d0363,74.0,0
sub-OAS30695d0104,72.0,0
sub-OAS30317d0088,73.0,0
sub-OAS30610d0079,75.0,1
sub-OAS30614d1464,77.0,1
sub-OAS30257d1938,72.0,0
sub-OAS31037d3295,73.0,1
sub-OAS30521d0979,72.0,1
sub-OAS30018d0000,71.01985,0
sub-OAS30335d3812,76.0,1
sub-OAS31114d3479,73.0,0
sub-OAS30175d2890,72.84052,1
sub-OAS30828d1520,71.0,1
sub-OAS30270d0000,70.551674,1
sub-OAS30861d0101,75.0,1
sub-OAS30768d2337,74.0,1
sub-OAS31088d3212,72.0,1
sub-OAS30065d0548,71.0,0
sub-OAS30928d0177,72.0,0
sub-OAS30398d0000,74.84737,0
sub-OAS30240d3487,72.0,1
sub-OAS30936d6483,75.0,1
sub-OAS30331d3478,77.0,0
sub-OAS30855d0741,74.0,1
sub-OAS30134d1642,75.0,0
sub-OAS30869d1691,72.0,1
sub-OAS30387d0616,75.0,0
sub-OAS30357d0521,74.0,0
sub-0025418,79.0,1
sub-OAS30936d7225,77.0,1
sub-OAS30737d0000,75.129364,1
sub-OAS30788d0201,75.0,1
sub-OAS30959d2684,76.0,1
sub-OAS30861d1702,79.0,1
sub-OAS31045d1901,72.0,1
sub-OAS30331d2824,75.0,0
sub-OAS30817d0236,73.0,0
sub-OAS30405d1883,75.0,1
sub-OAS30818d2399,76.0,0
sub-OAS31172d0407,72.0,1
sub-OAS30327d0281,73.0,0
sub-OAS30959d3385,78.0,1
sub-OAS30215d0098,70.0,0
sub-0026144,72.0,1
sub-OAS30591d0403,75.0,1
sub-OAS30622d0179,75.0,0
sub-OAS30307d0000,77.34976,0
sub-OAS31105d0259,73.0,1
sub-OAS30167d1340,75.0,0
sub-OAS30760d3719,74.36276,0
sub-OAS30333d2005,75.0,0
sub-OAS30779d0065,79.0,1
sub-OAS30194d6419,78.0,0
sub-IXI420,73.18275154,1
sub-IXI229,72.3504449,1
sub-OAS30597d0234,73.0,0
sub-OAS30333d2891,78.0,0
sub-IXI543,70.51882272,0
sub-OAS30322d1630,74.0,0
sub-OAS30312d0068,76.0,1
sub-OAS30801d0000,71.02532,1
sub-OAS30119d3260,75.0,0
sub-A00063473,73.0,1
sub-OAS30480d0357,74.157425,1
sub-OAS30796d0079,77.0,0
sub-OAS30623d0054,72.0,1
sub-OAS30865d0109,74.0,1
sub-OAS30567d0040,74.0,1
sub-OAS31041d0528,79.0,0
sub-OAS30841d3447,78.310745,0
sub-05580,77.0,1
sub-IXI531,75.93702943,0
sub-OAS30246d0746,75.0,1
sub-OAS30576d0084,75.0,1
sub-OAS31083d1232,77.0,1
sub-OAS30244d0104,73.0,1
sub-OAS30474d0069,78.0,1
sub-OAS30842d0402,74.48871,1
sub-A00053626,78.0,1
sub-OAS30781d0000,73.297745,0
sub-87217,78.0,1
sub-OAS30328d0105,72.0,0
sub-OAS30825d3430,73.0,0
sub-OAS30373d1211,73.0,0
sub-OAS31128d2332,77.0,1
sub-OAS30237d1353,78.0,0
sub-OAS30381d1179,70.33813,0
sub-OAS30072d0218,74.0,0
sub-OAS31068d2654,71.0,1
sub-OAS31013d0000,79.397675,1
sub-66506,78.0,1
sub-A00058436,70.0,1
sub-OAS30184d3065,73.07597,1
sub-OAS31134d0019,76.0,1
sub-OAS30109d0270,73.0,1
sub-OAS31114d3002,72.0,0
sub-OAS31125d0746,71.72895,1
sub-OAS30775d3017,78.0,1
sub-OAS30217d0077,78.0,0
sub-OAS30071d0018,72.0,0
sub-OAS30058d2236,72.0,1
sub-OAS30903d0046,79.0,0
sub-OAS31038d3010,79.0,1
sub-OAS30525d0671,79.0,1
sub-OAS31132d3576,77.0,1
sub-OAS30676d3577,71.0,1
sub-OAS30656d2737,77.0,0
sub-OAS30281d0042,73.0,0
sub-OAS30024d0084,76.0,1
sub-OAS30108d2066,70.0,1
sub-OAS30495d0052,71.0,1
sub-OAS30982d1708,78.0,1
sub-OAS30027d1300,72.0,0
sub-OAS30371d1400,70.0,0
sub-A00029219,77.0,0
sub-OAS30616d0199,76.0,1
sub-OAS31110d2336,73.0,0
sub-A00044427,75.0,1
sub-OAS30503d0000,72.0,0
sub-OAS30770d1210,70.0,0
sub-OAS30058d3235,75.0,1
sub-OAS30789d0083,70.0,0
sub-OAS30945d0000,73.768654,1
sub-OAS30548d0447,75.0,0
sub-OAS30605d0941,78.0,0
sub-OAS30860d0638,75.0,1
sub-OAS31097d2763,79.0,1
sub-OAS30737d1137,78.0,1
sub-IXI533,73.60438056,0
sub-OAS30240d4197,74.0,1
sub-OAS31083d1916,74.036964,1
sub-OAS30251d2954,72.0,1
sub-OAS31032d0139,70.0,1
sub-OAS31158d2481,74.0,0
sub-OAS30015d2004,70.0,0
sub-IXI507,71.66324435,0
sub-OAS30071d0000,72.45996,0
sub-OAS30772d0987,73.0,0
sub-OAS30291d1979,71.0,1
sub-OAS30158d2467,79.0,1
sub-OAS31012d4024,79.0,1
sub-OAS30637d0000,73.17454,0
sub-OAS30823d0000,70.21218,0
sub-OAS30173d1188,71.0,1
sub-OAS30615d0925,70.0,0
sub-OAS31004d0000,73.0,0
sub-OAS30438d0897,75.0,1
sub-OAS30679d0000,72.12047,0
sub-OAS30084d1101,75.83573,0
sub-OAS30246d1591,77.0,1
sub-OAS30334d0000,78.0,0
sub-A00060431,72.0,0
sub-OAS30348d0000,71.1321,0
sub-OAS30602d2442,71.0,1
sub-OAS30573d0515,70.0,1
sub-OAS30336d0244,74.0,0
sub-OAS30175d0349,73.0,1
sub-OAS30257d3773,77.0,0
